name,id,domain,level,recallCost,cardType,role,actions,actionTypes,effects,runtimeTerms,description
Appui défensif,MHSUPPORTGUARD01,hunt,1,1,ability,Support,1,effect,0,"Opportunity, Support, Hope","<p><strong>Support.</strong> Une fois par combat pour cet engagement, dépensez 1 Espoir pour imposer <strong>−1d4</strong> au jet d’attaque du monstre contre un personnage engagé.</p>"
Conversion,MHFINISHERBASE01,hunt,1,1,ability,Finisher,1,attack,0,"Opportunity, Finisher, Hope","<p><strong>Finisher.</strong> Lorsque vous convertissez une Opportunité, chaque OP dépensée en dégâts ajoute 1 dé de dégâts de l’arme. Vous pouvez à la place déclencher un Effet disponible. Sur un critique du Finisher, vous pouvez appliquer les dégâts et l’Effet.</p>"
Couverture,MHCOVERSUPPORT01,hunt,1,1,ability,Support,1,effect,0,"Opportunity, Finisher, Support, Hope",<p><strong>Support.</strong> Dépensez 1 Espoir : la prochaine attaque appropriée du monstre contre le Finisher désigné subit <strong>−1d4</strong> pendant cet Engagement.</p>
Cuistot,MHCUISINIER00001,hunt,1,1,ability,Opener,0,,0,,<p><strong>Préparation de chasse.</strong> Vous pouvez préparer des appâts adaptés aux habitudes alimentaires du monstre afin de provoquer des désavantages ou créer une ouverture appropriée.</p><p>Vous pouvez également cuisiner pour favoriser la récupération et réaliser les préparations locales nécessaires au craft de chasse.</p>
Diversion,MHDIVERSUPPORT01,hunt,1,1,ability,Support,1,effect,0,"Opportunity, Finisher, Support, Hope","<p><strong>Support.</strong> Dépensez 1 Espoir : jusqu’au prochain Finisher de cet Engagement, la prochaine réaction du monstre subit <strong>−1d4</strong> à son jet d’attaque.</p>"
Extracteur,MHEXTRACTEUR0001,hunt,1,1,ability,Utilitaire,0,,0,,"<p><strong>Préservation.</strong> Une fois par chasse, vous pouvez désigner une partie du monstre comme <em>préservée</em> afin d’éviter qu’elle soit perdue lors de l’extraction.</p><p>Le dépeçage final reste résolu par un jet de Dualité ; la partie préservée est sécurisée indépendamment de ce résultat.</p>"
Feinte d’approche,MHFEINTEAPPROCH1,hunt,1,1,ability,Opener,1,attack,0,"Opportunity, Opener, Hope","<p><strong>Opener.</strong> Résolvez l’Ouverture normalement. Si elle provoque une réaction du monstre, appliquez <strong>−1d4</strong> à son jet d’attaque.</p>"
Frappe d’épuisement,MHEXHAUSTFINISH1,hunt,1,1,ability,Finisher,1,attack,0,"Opportunity, Finisher, Hope","<p><strong>Finisher.</strong> <strong>Effet — Épuisement (2 OP) :</strong> au lieu des dés bonus, faites subir <strong>1 Stress</strong> au monstre si sa fiche utilise le Stress. Sur un critique : Effet + dégâts convertis.</p>"
Frappe de rupture,MHRUPTUREFINISH1,hunt,1,1,ability,Finisher,1,attack,0,"Opportunity, Finisher, Hope","<p><strong>Finisher.</strong> <strong>Effet — Rupture (2 OP) :</strong> au lieu des dés bonus, rendez le monstre <strong>Vulnérable</strong> jusqu’à ce qu’il subisse la prochaine attaque. Sur un critique : Effet + dégâts convertis.</p>"
Frappe mutilante,MHMUTILFINISH001,hunt,1,1,ability,Finisher,1,attack,0,"Opportunity, Finisher, Hope","<p><strong>Finisher.</strong> <strong>Effet — Mutilation (3 OP) :</strong> au lieu des dés bonus, infligez une conséquence fictionnelle durable à une partie exposée du monstre : aile, patte, corne, carapace ou organe approprié. Le MJ traduit cette atteinte dans les actions du monstre. Sur un critique : Effet + dégâts convertis.</p>"
Guidage du Finisher,MHGUIDESUPP00001,hunt,1,1,ability,Support,1,effect,0,"Opportunity, Finisher, Support, Hope",<p><strong>Support.</strong> Dépensez 1 Espoir : le prochain jet d’attaque du Finisher de cet Engagement gagne <strong>+1d6</strong>.</p>
Naturaliste,MHNATURALIST0001,hunt,1,1,ability,Utilitaire,0,,0,,"<p><strong>Lecture du terrain.</strong> Une fois par chasse, sans effectuer de jet, obtenez une information sûre sur le comportement du monstre ou son biome.</p><p>Les autres informations obtenues par observation ou étude sont résolues normalement par le MJ.</p>"
Ouverture,MHOPENINGSTRIKE1,hunt,1,1,ability,Finisher,1,attack,0,"Opportunity, Opener, Finisher, Hope","<p><strong>Opener.</strong> Dépensez 2 Espoir lorsque vous engagez le monstre. Sur une ouverture réussie, créez 2 Opportunités et désignez le Finisher.</p>"
Ouverture précise,MHPRECISIONOPEN1,hunt,1,1,ability,Finisher,1,attack,0,"Opportunity, Opener, Finisher, Hope","<p><strong>Opener.</strong> Résolvez l’Ouverture normalement. Si elle réussit avec Espoir, le Finisher désigné gagne <strong>+1d6</strong> à son prochain jet d’attaque pendant cet Engagement.</p>"
Provocation,MHPROVOCATION001,hunt,1,1,ability,Opener,1,attack,0,"Opportunity, Opener, Hope","<p><strong>Opener.</strong> Résolvez l’Ouverture normalement. Si elle provoque une réaction du monstre, celui-ci doit, si possible, diriger cette réaction contre l’Opener.</p>"
Tacticien,MHTACTICIEN00001,hunt,1,1,ability,Finisher,0,,0,"Opener, Finisher","<p><strong>Réorientation.</strong> Pendant un Engagement, vous pouvez changer le Finisher désigné par l’Opener avant que l’Opportunité ne soit convertie.</p><p>Vous êtes également le référent logistique du groupe pour l’organisation et la capacité des objets de chasse.</p>"
Traqueur,MHTRAQUEUR000001,hunt,1,1,ability,Utilitaire,0,,0,,"<p><strong>Maîtrise de la piste.</strong> Vous savez identifier le trajet probable d’un monstre et l’emplacement de sa tanière à partir de traces suffisantes.</p><p>Lorsque vous préparez un piège sur un passage identifié avant la confrontation, les PJ ont l’initiative lorsque le monstre entre dans la zone préparée.</p>"
